"    ""rms[P][0]""   ","    ""rms[U][0]""   ","    ""rms[V][0]""   ","    ""rms[T][0]""   ","    ""rms[k][0]""   ","    ""rms[w][0]""   ","    ""rms[T][1]""   "
-3.55428619268,-2.37107782186,-2.79791943843,2.53643402199,-3.31020119887,1.77931504237,-16.5782488168
-3.55428619268,-2.34427468334,-2.79791943843,2.53643402199,-3.31225710376,2.27286337851,-16.207884162
-3.55428619268,-2.34427468334,-2.79791943843,2.53643402199,-3.31225710376,2.27286337851,-16.207884162
